1S,1,40.889248,-73.898583
1S,2,40.884667,-73.90087
1S,3,40.878856,-73.904834
1S,4,40.874561,-73.909831
1S,5,40.869444,-73.915279
1S,6,40.864621,-73.918822
1S,7,40.860531,-73.925536
1S,8,40.855225,-73.929412
1S,9,40.849505,-73.933596
1S,10,40.840556,-73.940133
1S,11,40.834041,-73.94489
1S,12,40.826551,-73.95036
1S,13,40.822008,-73.953676
1S,14,40.815581,-73.958372
1S,15,40.807722,-73.96411
1S,16,40.803967,-73.966847
1S,17,40.799446,-73.968379
1S,18,40.793919,-73.972323
1S,19,40.788644,-73.976218
1S,20,40.783934,-73.979917
1S,21,40.778453,-73.98197
1S,22,40.77344,-73.982209
1S,23,40.768247,-73.981929
1S,24,40.761728,-73.983849
1S,25,40.75529,-73.987495
1S,26,40.750373,-73.991057
1S,27,40.747215,-73.993365
1S,28,40.744081,-73.995657
1S,29,40.74104,-73.997871
1S,30,40.737826,-74.000201
1S,31,40.733422,-74.002906
1S,32,40.728251,-74.005367
1S,33,40.722854,-74.006277
1S,34,40.719318,-74.006886
1S,35,40.715478,-74.009266
1S,36,40.711835,-74.012188
1S,37,40.707513,-74.013783
1S,38,40.701411,-74.013205
1S,39,40.702068,-74.013664
1N,1,40.702068,-74.013664
1N,2,40.701411,-74.013205
1N,3,40.707513,-74.013783
1N,4,40.711835,-74.012188
1N,5,40.715478,-74.009266
1N,6,40.719318,-74.006886
1N,7,40.722854,-74.006277
1N,8,40.728251,-74.005367
1N,9,40.733422,-74.002906
1N,10,40.737826,-74.000201
1N,11,40.74104,-73.997871
1N,12,40.744081,-73.995657
1N,13,40.747215,-73.993365
1N,14,40.750373,-73.991057
1N,15,40.75529,-73.987495
1N,16,40.761728,-73.983849
1N,17,40.768247,-73.981929
1N,18,40.77344,-73.982209
1N,19,40.778453,-73.98197
1N,20,40.783934,-73.979917
1N,21,40.788644,-73.976218
1N,22,40.793919,-73.972323
1N,23,40.799446,-73.968379
1N,24,40.803967,-73.966847
1N,25,40.807722,-73.96411
1N,26,40.815581,-73.958372
1N,27,40.822008,-73.953676
1N,28,40.826551,-73.95036
1N,29,40.834041,-73.94489
1N,30,40.840556,-73.940133
1N,31,40.849505,-73.933596
1N,32,40.855225,-73.929412
1N,33,40.860531,-73.925536
1N,34,40.864621,-73.918822
1N,35,40.869444,-73.915279
1N,36,40.874561,-73.909831
1N,37,40.878856,-73.904834
1N,38,40.884667,-73.90087
1N,39,40.889248,-73.898583
2S,1,40.903125,-73.85062
2S,2,40.898379,-73.854376
2S,3,40.893193,-73.857473
2S,4,40.888022,-73.860341
2S,5,40.883895,-73.862633
2S,6,40.87785,-73.866256
2S,7,40.871356,-73.867164
2S,8,40.865462,-73.867352
2S,9,40.857192,-73.867615
2S,10,40.848828,-73.868457
2S,11,40.841894,-73.873488
2S,12,40.840295,-73.880049
2S,13,40.837288,-73.887734
2S,14,40.829993,-73.891865
2S,15,40.824073,-73.893064
2S,16,40.822181,-73.896736
2S,17,40.819585,-73.90177
2S,18,40.81649,-73.907807
2S,19,40.816109,-73.917757
2S,20,40.81841,-73.926718
2S,21,40.814229,-73.94077
2S,22,40.807754,-73.945495
2S,23,40.802098,-73.949625
2S,24,40.799075,-73.951822
2S,25,40.793919,-73.972323
2S,26,40.778453,-73.98197
2S,27,40.75529,-73.987495
2S,28,40.750373,-73.991057
2S,29,40.737826,-74.000201
2S,30,40.715478,-74.009266
2S,31,40.713051,-74.008811
2S,32,40.709416,-74.006571
2S,33,40.706821,-74.0091
2S,34,40.697466,-73.993086
2S,35,40.693219,-73.989998
2S,36,40.690545,-73.985065
2S,37,40.688246,-73.980492
2S,38,40.684359,-73.977666
2S,39,40.680829,-73.975098
2S,40,40.675235,-73.971046
2S,41,40.671987,-73.964375
2S,42,40.670682,-73.958131
2S,43,40.667883,-73.950683
2S,44,40.662742,-73.95085
2S,45,40.656652,-73.9502
2S,46,40.650843,-73.949575
2S,47,40.645098,-73.948959
2S,48,40.639967,-73.948411
2S,49,40.632836,-73.947642
2N,1,40.632836,-73.947642
2N,2,40.639967,-73.948411
2N,3,40.645098,-73.948959
2N,4,40.650843,-73.949575
2N,5,40.656652,-73.9502
2N,6,40.662742,-73.95085
2N,7,40.667883,-73.950683
2N,8,40.670682,-73.958131
2N,9,40.671987,-73.964375
2N,10,40.675235,-73.971046
2N,11,40.680829,-73.975098
2N,12,40.684359,-73.977666
2N,13,40.688246,-73.980492
2N,14,40.690545,-73.985065
2N,15,40.693219,-73.989998
2N,16,40.697466,-73.993086
2N,17,40.706821,-74.0091
2N,18,40.709416,-74.006571
2N,19,40.713051,-74.008811
2N,20,40.715478,-74.009266
2N,21,40.737826,-74.000201
2N,22,40.750373,-73.991057
2N,23,40.75529,-73.987495
2N,24,40.778453,-73.98197
2N,25,40.793919,-73.972323
2N,26,40.799075,-73.951822
2N,27,40.802098,-73.949625
2N,28,40.807754,-73.945495
2N,29,40.814229,-73.94077
2N,30,40.81841,-73.926718
2N,31,40.816109,-73.917757
2N,32,40.81649,-73.907807
2N,33,40.819585,-73.90177
2N,34,40.822181,-73.896736
2N,35,40.824073,-73.893064
2N,36,40.829993,-73.891865
2N,37,40.837288,-73.887734
2N,38,40.840295,-73.880049
2N,39,40.841894,-73.873488
2N,40,40.848828,-73.868457
2N,41,40.857192,-73.867615
2N,42,40.865462,-73.867352
2N,43,40.871356,-73.867164
2N,44,40.87785,-73.866256
2N,45,40.883895,-73.862633
2N,46,40.888022,-73.860341
2N,47,40.893193,-73.857473
2N,48,40.898379,-73.854376
2N,49,40.903125,-73.85062
3S,1,40.82388,-73.93647
3S,2,40.820421,-73.936245
3S,3,40.814229,-73.94077
3S,4,40.807754,-73.945495
3S,5,40.802098,-73.949625
3S,6,40.799075,-73.951822
3S,7,40.793919,-73.972323
3S,8,40.778453,-73.98197
3S,9,40.75529,-73.987495
3S,10,40.750373,-73.991057
3S,11,40.737826,-74.000201
3S,12,40.715478,-74.009266
3S,13,40.713051,-74.008811
3S,14,40.709416,-74.006571
3S,15,40.706821,-74.0091
3S,16,40.697466,-73.993086
3S,17,40.693219,-73.989998
3S,18,40.690545,-73.985065
3S,19,40.688246,-73.980492
3S,20,40.684359,-73.977666
3S,21,40.680829,-73.975098
3S,22,40.675235,-73.971046
3S,23,40.671987,-73.964375
3S,24,40.670682,-73.958131
3S,25,40.669847,-73.950466
3S,26,40.669399,-73.942161
3S,27,40.668897,-73.932942
3S,28,40.664717,-73.92261
3S,29,40.661453,-73.916327
3S,30,40.662549,-73.908946
3S,31,40.663515,-73.902447
3S,32,40.664635,-73.894895
3S,33,40.665449,-73.889395
3S,34,40.666235,-73.884079
3N,1,40.666235,-73.884079
3N,2,40.665449,-73.889395
3N,3,40.664635,-73.894895
3N,4,40.663515,-73.902447
3N,5,40.662549,-73.908946
3N,6,40.661453,-73.916327
3N,7,40.664717,-73.92261
3N,8,40.668897,-73.932942
3N,9,40.669399,-73.942161
3N,10,40.669847,-73.950466
3N,11,40.670682,-73.958131
3N,12,40.671987,-73.964375
3N,13,40.675235,-73.971046
3N,14,40.680829,-73.975098
3N,15,40.684359,-73.977666
3N,16,40.688246,-73.980492
3N,17,40.690545,-73.985065
3N,18,40.693219,-73.989998
3N,19,40.697466,-73.993086
3N,20,40.706821,-74.0091
3N,21,40.709416,-74.006571
3N,22,40.713051,-74.008811
3N,23,40.715478,-74.009266
3N,24,40.737826,-74.000201
3N,25,40.750373,-73.991057
3N,26,40.75529,-73.987495
3N,27,40.778453,-73.98197
3N,28,40.793919,-73.972323
3N,29,40.799075,-73.951822
3N,30,40.802098,-73.949625
3N,31,40.807754,-73.945495
3N,32,40.814229,-73.94077
3N,33,40.820421,-73.936245
3N,34,40.82388,-73.93647
4S,1,40.886037,-73.878751
4S,2,40.87975,-73.884655
4S,3,40.873412,-73.890064
4S,4,40.86776,-73.897174
4S,5,40.862803,-73.901034
4S,6,40.858407,-73.903879
4S,7,40.853453,-73.907684
4S,8,40.84848,-73.911794
4S,9,40.844434,-73.914685
4S,10,40.840075,-73.917791
4S,11,40.835537,-73.9214
4S,12,40.827994,-73.925831
4S,13,40.818375,-73.927351
4S,14,40.813224,-73.929849
4S,15,40.804138,-73.937594
4S,16,40.779492,-73.955589
4S,17,40.762526,-73.967967
4S,18,40.751776,-73.976848
4S,19,40.734673,-73.989951
4S,20,40.713065,-74.004131
4S,21,40.710368,-74.009509
4S,22,40.707557,-74.011862
4S,23,40.704817,-74.014065
4S,24,40.692404,-73.990151
4S,25,40.688246,-73.980492
4S,26,40.684359,-73.977666
4S,27,40.670682,-73.958131
4S,28,40.668897,-73.932942
4N,1,40.668897,-73.932942
4N,2,40.670682,-73.958131
4N,3,40.684359,-73.977666
4N,4,40.688246,-73.980492
4N,5,40.692404,-73.990151
4N,6,40.704817,-74.014065
4N,7,40.707557,-74.011862
4N,8,40.710368,-74.009509
4N,9,40.713065,-74.004131
4N,10,40.734673,-73.989951
4N,11,40.751776,-73.976848
4N,12,40.762526,-73.967967
4N,13,40.779492,-73.955589
4N,14,40.804138,-73.937594
4N,15,40.813224,-73.929849
4N,16,40.818375,-73.927351
4N,17,40.827994,-73.925831
4N,18,40.835537,-73.9214
4N,19,40.840075,-73.917791
4N,20,40.844434,-73.914685
4N,21,40.84848,-73.911794
4N,22,40.853453,-73.907684
4N,23,40.858407,-73.903879
4N,24,40.862803,-73.901034
4N,25,40.86776,-73.897174
4N,26,40.873412,-73.890064
4N,27,40.87975,-73.884655
4N,28,40.886037,-73.878751
5S,1,40.8883,-73.830834
5S,2,40.878663,-73.838591
5S,3,40.869526,-73.846384
5S,4,40.858985,-73.855359
5S,5,40.854364,-73.860495
5S,6,40.898379,-73.854376
5S,7,40.893193,-73.857473
5S,8,40.888022,-73.860341
5S,9,40.883895,-73.862633
5S,10,40.87785,-73.866256
5S,11,40.871356,-73.867164
5S,12,40.865462,-73.867352
5S,13,40.857192,-73.867615
5S,14,40.848828,-73.868457
5S,15,40.841894,-73.873488
5S,16,40.840295,-73.880049
5S,17,40.837288,-73.887734
5S,18,40.829993,-73.891865
5S,19,40.824073,-73.893064
5S,20,40.822181,-73.896736
5S,21,40.819585,-73.90177
5S,22,40.81649,-73.907807
5S,23,40.816109,-73.917757
5S,24,40.81841,-73.926718
5S,25,40.813224,-73.929849
5S,26,40.804138,-73.937594
5S,27,40.779492,-73.955589
5S,28,40.762526,-73.967967
5S,29,40.751776,-73.976848
5S,30,40.734673,-73.989951
5S,31,40.713065,-74.004131
5S,32,40.710368,-74.009509
5S,33,40.707557,-74.011862
5S,34,40.704817,-74.014065
5S,35,40.692404,-73.990151
5S,36,40.688246,-73.980492
5S,37,40.684359,-73.977666
5S,38,40.670682,-73.958131
5S,39,40.668897,-73.932942
5N,1,40.668897,-73.932942
5N,2,40.670682,-73.958131
5N,3,40.684359,-73.977666
5N,4,40.688246,-73.980492
5N,5,40.692404,-73.990151
5N,6,40.704817,-74.014065
5N,7,40.707557,-74.011862
5N,8,40.710368,-74.009509
5N,9,40.713065,-74.004131
5N,10,40.734673,-73.989951
5N,11,40.751776,-73.976848
5N,12,40.762526,-73.967967
5N,13,40.779492,-73.955589
5N,14,40.804138,-73.937594
5N,15,40.813224,-73.929849
5N,16,40.81841,-73.926718
5N,17,40.816109,-73.917757
5N,18,40.81649,-73.907807
5N,19,40.819585,-73.90177
5N,20,40.822181,-73.896736
5N,21,40.824073,-73.893064
5N,22,40.829993,-73.891865
5N,23,40.837288,-73.887734
5N,24,40.840295,-73.880049
5N,25,40.841894,-73.873488
5N,26,40.848828,-73.868457
5N,27,40.857192,-73.867615
5N,28,40.865462,-73.867352
5N,29,40.871356,-73.867164
5N,30,40.87785,-73.866256
5N,31,40.883895,-73.862633
5N,32,40.888022,-73.860341
5N,33,40.893193,-73.857473
5N,34,40.898379,-73.854376
5N,35,40.854364,-73.860495
5N,36,40.858985,-73.855359
5N,37,40.869526,-73.846384
5N,38,40.878663,-73.838591
5N,39,40.8883,-73.830834
5XS,1,40.8883,-73.830834
5XS,2,40.878663,-73.838591
5XS,3,40.869526,-73.846384
5XS,4,40.858985,-73.855359
5XS,5,40.854364,-73.860495
5XS,6,40.898379,-73.854376
5XS,7,40.893193,-73.857473
5XS,8,40.888022,-73.860341
5XS,9,40.883895,-73.862633
5XS,10,40.87785,-73.866256
5XS,11,40.871356,-73.867164
5XS,12,40.865462,-73.867352
5XS,13,40.857192,-73.867615
5XS,14,40.848828,-73.868457
5XS,15,40.841894,-73.873488
5XS,16,40.816109,-73.917757
5XS,17,40.81841,-73.926718
5XS,18,40.813224,-73.929849
5XS,19,40.804138,-73.937594
5XS,20,40.779492,-73.955589
5XS,21,40.762526,-73.967967
5XS,22,40.751776,-73.976848
5XS,23,40.734673,-73.989951
5XS,24,40.713065,-74.004131
5XS,25,40.710368,-74.009509
5XS,26,40.707557,-74.011862
5XS,27,40.704817,-74.014065
5XS,28,40.692404,-73.990151
5XS,29,40.688246,-73.980492
5XS,30,40.684359,-73.977666
5XS,31,40.670682,-73.958131
5XS,32,40.668897,-73.932942
5XN,1,40.668897,-73.932942
5XN,2,40.670682,-73.958131
5XN,3,40.684359,-73.977666
5XN,4,40.688246,-73.980492
5XN,5,40.692404,-73.990151
5XN,6,40.704817,-74.014065
5XN,7,40.707557,-74.011862
5XN,8,40.710368,-74.009509
5XN,9,40.713065,-74.004131
5XN,10,40.734673,-73.989951
5XN,11,40.751776,-73.976848
5XN,12,40.762526,-73.967967
5XN,13,40.779492,-73.955589
5XN,14,40.804138,-73.937594
5XN,15,40.813224,-73.929849
5XN,16,40.81841,-73.926718
5XN,17,40.816109,-73.917757
5XN,18,40.841894,-73.873488
5XN,19,40.848828,-73.868457
5XN,20,40.857192,-73.867615
5XN,21,40.865462,-73.867352
5XN,22,40.871356,-73.867164
5XN,23,40.87785,-73.866256
5XN,24,40.883895,-73.862633
5XN,25,40.888022,-73.860341
5XN,26,40.893193,-73.857473
5XN,27,40.898379,-73.854376
5XN,28,40.854364,-73.860495
5XN,29,40.858985,-73.855359
5XN,30,40.869526,-73.846384
5XN,31,40.878663,-73.838591
5XN,32,40.8883,-73.830834
6S,1,40.852462,-73.828121
6S,2,40.84681,-73.832569
6S,3,40.843863,-73.836322
6S,4,40.839892,-73.842952
6S,5,40.836488,-73.847036
6S,6,40.834255,-73.851222
6S,7,40.833226,-73.860816
6S,8,40.831509,-73.867618
6S,9,40.829521,-73.874516
6S,10,40.828584,-73.879159
6S,11,40.826525,-73.886283
6S,12,40.820948,-73.890549
6S,13,40.816104,-73.896435
6S,14,40.812118,-73.904098
6S,15,40.808719,-73.907657
6S,16,40.805368,-73.914042
6S,17,40.807566,-73.91924
6S,18,40.810476,-73.926138
6S,19,40.804138,-73.937594
6S,20,40.798629,-73.941617
6S,21,40.79502,-73.94425
6S,22,40.7906,-73.947478
6S,23,40.785672,-73.95107
6S,24,40.779492,-73.955589
6S,25,40.77362,-73.959874
6S,26,40.768141,-73.96387
6S,27,40.762526,-73.967967
6S,28,40.757107,-73.97192
6S,29,40.751776,-73.976848
6S,30,40.746081,-73.982076
6S,31,40.74307,-73.984264
6S,32,40.739864,-73.986599
6S,33,40.734673,-73.989951
6S,34,40.730054,-73.99107
6S,35,40.725915,-73.994659
6S,36,40.722301,-73.997141
6S,37,40.718803,-74.000193
6S,38,40.713065,-74.004131
6N,1,40.713065,-74.004131
6N,2,40.718803,-74.000193
6N,3,40.722301,-73.997141
6N,4,40.725915,-73.994659
6N,5,40.730054,-73.99107
6N,6,40.734673,-73.989951
6N,7,40.739864,-73.986599
6N,8,40.74307,-73.984264
6N,9,40.746081,-73.982076
6N,10,40.751776,-73.976848
6N,11,40.757107,-73.97192
6N,12,40.762526,-73.967967
6N,13,40.768141,-73.96387
6N,14,40.77362,-73.959874
6N,15,40.779492,-73.955589
6N,16,40.785672,-73.95107
6N,17,40.7906,-73.947478
6N,18,40.79502,-73.94425
6N,19,40.798629,-73.941617
6N,20,40.804138,-73.937594
6N,21,40.810476,-73.926138
6N,22,40.807566,-73.91924
6N,23,40.805368,-73.914042
6N,24,40.808719,-73.907657
6N,25,40.812118,-73.904098
6N,26,40.816104,-73.896435
6N,27,40.820948,-73.890549
6N,28,40.826525,-73.886283
6N,29,40.828584,-73.879159
6N,30,40.829521,-73.874516
6N,31,40.831509,-73.867618
6N,32,40.833226,-73.860816
6N,33,40.834255,-73.851222
6N,34,40.836488,-73.847036
6N,35,40.839892,-73.842952
6N,36,40.843863,-73.836322
6N,37,40.84681,-73.832569
6N,38,40.852462,-73.828121
6XS,1,40.852462,-73.828121
6XS,2,40.84681,-73.832569
6XS,3,40.843863,-73.836322
6XS,4,40.839892,-73.842952
6XS,5,40.836488,-73.847036
6XS,6,40.834255,-73.851222
6XS,7,40.833226,-73.860816
6XS,8,40.820948,-73.890549
6XS,9,40.810476,-73.926138
6XS,10,40.804138,-73.937594
6XS,11,40.798629,-73.941617
6XS,12,40.79502,-73.94425
6XS,13,40.7906,-73.947478
6XS,14,40.785672,-73.95107
6XS,15,40.779492,-73.955589
6XS,16,40.77362,-73.959874
6XS,17,40.768141,-73.96387
6XS,18,40.762526,-73.967967
6XS,19,40.757107,-73.97192
6XS,20,40.751776,-73.976848
6XS,21,40.746081,-73.982076
6XS,22,40.74307,-73.984264
6XS,23,40.739864,-73.986599
6XS,24,40.734673,-73.989951
6XS,25,40.730054,-73.99107
6XS,26,40.725915,-73.994659
6XS,27,40.722301,-73.997141
6XS,28,40.718803,-74.000193
6XS,29,40.713065,-74.004131
6XN,1,40.713065,-74.004131
6XN,2,40.718803,-74.000193
6XN,3,40.722301,-73.997141
6XN,4,40.725915,-73.994659
6XN,5,40.730054,-73.99107
6XN,6,40.734673,-73.989951
6XN,7,40.739864,-73.986599
6XN,8,40.74307,-73.984264
6XN,9,40.746081,-73.982076
6XN,10,40.751776,-73.976848
6XN,11,40.757107,-73.97192
6XN,12,40.762526,-73.967967
6XN,13,40.768141,-73.96387
6XN,14,40.77362,-73.959874
6XN,15,40.779492,-73.955589
6XN,16,40.785672,-73.95107
6XN,17,40.7906,-73.947478
6XN,18,40.79502,-73.94425
6XN,19,40.798629,-73.941617
6XN,20,40.804138,-73.937594
6XN,21,40.810476,-73.926138
6XN,22,40.820948,-73.890549
6XN,23,40.833226,-73.860816
6XN,24,40.834255,-73.851222
6XN,25,40.836488,-73.847036
6XN,26,40.839892,-73.842952
6XN,27,40.843863,-73.836322
6XN,28,40.84681,-73.832569
6XN,29,40.852462,-73.828121
AS,0,40.868072,-73.919899
AS,1,40.865491,-73.927271
AS,2,40.859022,-73.93418
AS,3,40.851695,-73.937969
AS,4,40.847391,-73.939704
AS,5,40.840719,-73.939561
AS,6,40.824783,-73.944216
AS,7,40.811109,-73.952343
AS,8,40.768296,-73.981736
AS,9,40.762456,-73.985984
AS,10,40.757308,-73.989735
AS,11,40.752287,-73.993391
AS,12,40.740893,-74.00169
AS,13,40.732338,-74.000495
AS,14,40.720824,-74.005229
AS,15,40.714111,-74.008585
AS,16,40.710197,-74.007691
AS,17,40.699337,-73.990531
AS,18,40.692338,-73.987342
AS,19,40.688484,-73.985001
AS,20,40.680438,-73.950426
AS,21,40.679364,-73.930729
AS,22,40.678334,-73.905316
AS,23,40.675377,-73.872106
AS,24,40.677044,-73.86505
AS,25,40.679371,-73.858992
AS,26,40.679843,-73.85147
AS,27,40.680429,-73.843853
AS,28,40.668234,-73.834058
AS,29,40.660476,-73.830301
AS,30,40.608382,-73.815925
AS,31,40.590927,-73.796924
AS,32,40.592374,-73.788522
AS,33,40.592943,-73.776013
AS,34,40.595398,-73.768175
AS,35,40.600066,-73.761353
AS,36,40.603995,-73.755405
AS,37,40.681711,-73.837683
AS,38,40.684331,-73.832163
AS,39,40.685951,-73.825798
AS,40,40.588034,-73.813641
AS,41,40.585307,-73.820558
AS,42,40.583209,-73.827559
AS,43,40.580903,-73.835592
AN,0,40.580903,-73.835592
AN,1,40.583209,-73.827559
AN,2,40.585307,-73.820558
AN,3,40.588034,-73.813641
AN,4,40.685951,-73.825798
AN,5,40.684331,-73.832163
AN,6,40.681711,-73.837683
AN,7,40.603995,-73.755405
AN,8,40.600066,-73.761353
AN,9,40.595398,-73.768175
AN,10,40.592943,-73.776013
AN,11,40.592374,-73.788522
AN,12,40.590927,-73.796924
AN,13,40.608382,-73.815925
AN,14,40.660476,-73.830301
AN,15,40.668234,-73.834058
AN,16,40.680429,-73.843853
AN,17,40.679843,-73.85147
AN,18,40.679371,-73.858992
AN,19,40.677044,-73.86505
AN,20,40.675377,-73.872106
AN,21,40.678334,-73.905316
AN,22,40.679364,-73.930729
AN,23,40.680438,-73.950426
AN,24,40.688484,-73.985001
AN,25,40.692338,-73.987342
AN,26,40.699337,-73.990531
AN,27,40.710197,-74.007691
AN,28,40.714111,-74.008585
AN,29,40.720824,-74.005229
AN,30,40.732338,-74.000495
AN,31,40.740893,-74.00169
AN,32,40.752287,-73.993391
AN,33,40.757308,-73.989735
AN,34,40.762456,-73.985984
AN,35,40.768296,-73.981736
AN,36,40.811109,-73.952343
AN,37,40.824783,-73.944216
AN,38,40.840719,-73.939561
AN,39,40.847391,-73.939704
AN,40,40.851695,-73.937969
AN,41,40.859022,-73.93418
AN,42,40.865491,-73.927271
AN,43,40.868072,-73.919899
CS,0,40.840719,-73.939561
CS,1,40.836013,-73.939892
CS,2,40.830518,-73.941514
CS,3,40.824783,-73.944216
CS,4,40.817894,-73.947649
CS,5,40.811109,-73.952343
CS,6,40.805085,-73.954882
CS,7,40.800603,-73.958161
CS,8,40.796092,-73.961454
CS,9,40.791642,-73.964696
CS,10,40.785868,-73.968916
CS,11,40.781433,-73.972143
CS,12,40.775594,-73.97641
CS,13,40.768296,-73.981736
CS,14,40.762456,-73.985984
CS,15,40.757308,-73.989735
CS,16,40.752287,-73.993391
CS,17,40.745906,-73.998041
CS,18,40.740893,-74.00169
CS,19,40.732338,-74.000495
CS,20,40.726227,-74.003739
CS,21,40.720824,-74.005229
CS,22,40.714111,-74.008585
CS,23,40.710197,-74.007691
CS,24,40.699337,-73.990531
CS,25,40.692338,-73.987342
CS,26,40.688484,-73.985001
CS,27,40.686113,-73.973946
CS,28,40.683263,-73.965838
CS,29,40.68138,-73.956848
CS,30,40.680438,-73.950426
CS,31,40.679921,-73.940858
CS,32,40.679364,-73.930729
CS,33,40.678822,-73.920786
CS,34,40.67834,-73.911946
CS,35,40.678334,-73.905316
CS,36,40.674542,-73.896548
CS,37,40.67271,-73.890358
CS,38,40.67413,-73.88075
CS,39,40.675377,-73.872106
CN,0,40.675377,-73.872106
CN,1,40.67413,-73.88075
CN,2,40.67271,-73.890358
CN,3,40.674542,-73.896548
CN,4,40.678334,-73.905316
CN,5,40.67834,-73.911946
CN,6,40.678822,-73.920786
CN,7,40.679364,-73.930729
CN,8,40.679921,-73.940858
CN,9,40.680438,-73.950426
CN,10,40.68138,-73.956848
CN,11,40.683263,-73.965838
CN,12,40.686113,-73.973946
CN,13,40.688484,-73.985001
CN,14,40.692338,-73.987342
CN,15,40.699337,-73.990531
CN,16,40.710197,-74.007691
CN,17,40.714111,-74.008585
CN,18,40.720824,-74.005229
CN,19,40.726227,-74.003739
CN,20,40.732338,-74.000495
CN,21,40.740893,-74.00169
CN,22,40.745906,-73.998041
CN,23,40.752287,-73.993391
CN,24,40.757308,-73.989735
CN,25,40.762456,-73.985984
CN,26,40.768296,-73.981736
CN,27,40.775594,-73.97641
CN,28,40.781433,-73.972143
CN,29,40.785868,-73.968916
CN,30,40.791642,-73.964696
CN,31,40.796092,-73.961454
CN,32,40.800603,-73.958161
CN,33,40.805085,-73.954882
CN,34,40.811109,-73.952343
CN,35,40.817894,-73.947649
CN,36,40.824783,-73.944216
CN,37,40.830518,-73.941514
CN,38,40.836013,-73.939892
CN,39,40.840719,-73.939561
ES,0,40.702147,-73.801109
ES,1,40.700486,-73.807969
ES,2,40.702566,-73.816859
ES,3,40.709179,-73.820574
ES,4,40.714441,-73.831008
ES,5,40.718331,-73.837324
ES,6,40.721691,-73.844521
ES,7,40.746644,-73.891338
ES,8,40.748973,-73.937243
ES,9,40.747846,-73.946
ES,10,40.757552,-73.969055
ES,11,40.760167,-73.975224
ES,12,40.762862,-73.981637
ES,13,40.762456,-73.985984
ES,14,40.757308,-73.989735
ES,15,40.752287,-73.993391
ES,16,40.745906,-73.998041
ES,17,40.740893,-74.00169
ES,18,40.732338,-74.000495
ES,19,40.726227,-74.003739
ES,20,40.720824,-74.005229
ES,21,40.712582,-74.009781
EN,0,40.712582,-74.009781
EN,1,40.720824,-74.005229
EN,2,40.726227,-74.003739
EN,3,40.732338,-74.000495
EN,4,40.740893,-74.00169
EN,5,40.745906,-73.998041
EN,6,40.752287,-73.993391
EN,7,40.757308,-73.989735
EN,8,40.762456,-73.985984
EN,9,40.762862,-73.981637
EN,10,40.760167,-73.975224
EN,11,40.757552,-73.969055
EN,12,40.747846,-73.946
EN,13,40.748973,-73.937243
EN,14,40.746644,-73.891338
EN,15,40.721691,-73.844521
EN,16,40.718331,-73.837324
EN,17,40.714441,-73.831008
EN,18,40.709179,-73.820574
EN,19,40.702566,-73.816859
EN,20,40.700486,-73.807969
EN,21,40.702147,-73.801109
NS,0,40.775036,-73.912034
NS,1,40.770258,-73.917843
NS,2,40.766779,-73.921479
NS,3,40.76182,-73.925508
NS,4,40.756804,-73.929575
NS,5,40.752882,-73.932755
NS,6,40.750582,-73.940202
NS,7,40.76266,-73.967258
NS,8,40.764811,-73.973347
NS,9,40.764664,-73.980658
NS,10,40.759901,-73.984139
NS,11,40.754672,-73.986754
NS,12,40.749567,-73.98795
NS,13,40.735736,-73.990568
NS,14,40.718383,-74.00046
NS,15,40.683666,-73.97881
NS,16,40.655144,-74.003549
NS,17,40.641362,-74.017881
NS,18,40.635064,-74.011719
NS,19,40.611815,-73.981848
NS,20,40.577422,-73.981233
NN,0,40.577422,-73.981233
NN,1,40.592721,-73.97823
NN,2,40.597473,-73.979137
NN,3,40.603923,-73.980353
NN,4,40.611815,-73.981848
NN,5,40.61741,-73.985026
NN,6,40.620671,-73.990414
NN,7,40.624842,-73.996353
NN,8,40.631386,-74.005351
NN,9,40.635064,-74.011719
NN,10,40.641362,-74.017881
NN,11,40.655144,-74.003549
NN,12,40.683666,-73.97881
NN,13,40.718383,-74.00046
NN,14,40.735736,-73.990568
NN,15,40.749567,-73.98795
NN,16,40.754672,-73.986754
NN,17,40.759901,-73.984139
NN,18,40.764664,-73.980658
NN,19,40.764811,-73.973347
NN,20,40.76266,-73.967258
NN,21,40.750582,-73.940202
NN,22,40.752882,-73.932755
NN,23,40.756804,-73.929575
NN,24,40.76182,-73.925508
NN,25,40.766779,-73.921479
NN,26,40.770258,-73.917843
NN,27,40.775036,-73.912034
QS,0,40.784318,-73.947152
QS,1,40.777891,-73.951787
QS,2,40.768799,-73.958424
QS,3,40.764629,-73.966113
QS,4,40.764664,-73.980658
QS,5,40.754672,-73.986754
QS,6,40.749567,-73.98795
QS,7,40.735736,-73.990568
QS,8,40.718383,-74.00046
QS,9,40.690635,-73.981824
QS,10,40.68446,-73.97689
QS,11,40.67705,-73.972367
QS,12,40.661614,-73.962246
QS,13,40.655292,-73.961495
QS,14,40.650527,-73.962982
QS,15,40.644031,-73.964492
QS,16,40.640927,-73.963891
QS,17,40.635082,-73.962793
QS,18,40.62927,-73.961639
QS,19,40.625039,-73.960803
QS,20,40.617618,-73.959399
QS,21,40.60867,-73.957734
QS,22,40.5993,-73.955929
QS,23,40.595246,-73.955161
QS,24,40.586896,-73.954155
QS,25,40.577621,-73.961376
QS,26,40.576312,-73.968501
QS,27,40.576127,-73.975939
QS,28,40.577422,-73.981233
QN,0,40.577422,-73.981233
QN,1,40.576127,-73.975939
QN,2,40.576312,-73.968501
QN,3,40.577621,-73.961376
QN,4,40.586896,-73.954155
QN,5,40.595246,-73.955161
QN,6,40.5993,-73.955929
QN,7,40.60867,-73.957734
QN,8,40.617618,-73.959399
QN,9,40.625039,-73.960803
QN,10,40.62927,-73.961639
QN,11,40.635082,-73.962793
QN,12,40.640927,-73.963891
QN,13,40.644031,-73.964492
QN,14,40.650527,-73.962982
QN,15,40.655292,-73.961495
QN,16,40.661614,-73.962246
QN,17,40.67705,-73.972367
QN,18,40.68446,-73.97689
QN,19,40.690635,-73.981824
QN,20,40.718383,-74.00046
QN,21,40.735736,-73.990568
QN,22,40.749567,-73.98795
QN,23,40.754672,-73.986754
QN,24,40.764664,-73.980658
QN,25,40.764629,-73.966113
QN,26,40.768799,-73.958424
QN,27,40.777891,-73.951787
QN,28,40.784318,-73.947152
RS,0,40.721691,-73.844521
RS,1,40.726523,-73.852719
RS,2,40.729846,-73.861604
RS,3,40.733106,-73.869229
RS,4,40.737015,-73.877223
RS,5,40.742454,-73.882017
RS,6,40.746644,-73.891338
RS,7,40.749669,-73.898453
RS,8,40.752885,-73.906006
RS,9,40.756312,-73.913333
RS,10,40.756879,-73.92074
RS,11,40.752039,-73.928781
RS,12,40.748973,-73.937243
RS,13,40.76266,-73.967258
RS,14,40.764811,-73.973347
RS,15,40.764664,-73.980658
RS,16,40.759901,-73.984139
RS,17,40.754672,-73.986754
RS,18,40.749567,-73.98795
RS,19,40.745494,-73.988691
RS,20,40.741303,-73.989344
RS,21,40.735736,-73.990568
RS,22,40.730328,-73.992629
RS,23,40.724329,-73.997702
RS,24,40.719527,-74.001775
RS,25,40.713282,-74.006978
RS,26,40.710668,-74.011029
RS,27,40.70722,-74.013342
RS,28,40.703087,-74.012994
RS,29,40.6941,-73.991777
RS,30,40.69218,-73.985942
RS,31,40.690635,-73.981824
RS,32,40.683666,-73.97881
RS,33,40.677316,-73.98311
RS,34,40.670847,-73.988302
RS,35,40.665414,-73.992872
RS,36,40.660397,-73.998091
RS,37,40.655144,-74.003549
RS,38,40.648939,-74.010006
RS,39,40.645069,-74.014034
RS,40,40.641362,-74.017881
RS,41,40.634967,-74.023377
RS,42,40.629742,-74.02551
RS,43,40.622687,-74.028398
RS,44,40.616622,-74.030876
RN,0,40.616622,-74.030876
RN,1,40.622687,-74.028398
RN,2,40.629742,-74.02551
RN,3,40.634967,-74.023377
RN,4,40.641362,-74.017881
RN,5,40.645069,-74.014034
RN,6,40.648939,-74.010006
RN,7,40.655144,-74.003549
RN,8,40.660397,-73.998091
RN,9,40.665414,-73.992872
RN,10,40.670847,-73.988302
RN,11,40.677316,-73.98311
RN,12,40.683666,-73.97881
RN,13,40.690635,-73.981824
RN,14,40.69218,-73.985942
RN,15,40.6941,-73.991777
RN,16,40.703087,-74.012994
RN,17,40.70722,-74.013342
RN,18,40.710668,-74.011029
RN,19,40.713282,-74.006978
RN,20,40.719527,-74.001775
RN,21,40.724329,-73.997702
RN,22,40.730328,-73.992629
RN,23,40.735736,-73.990568
RN,24,40.741303,-73.989344
RN,25,40.745494,-73.988691
RN,26,40.749567,-73.98795
RN,27,40.754672,-73.986754
RN,28,40.759901,-73.984139
RN,29,40.764664,-73.980658
RN,30,40.764811,-73.973347
RN,31,40.76266,-73.967258
RN,32,40.748973,-73.937243
RN,33,40.752039,-73.928781
RN,34,40.756879,-73.92074
RN,35,40.756312,-73.913333
RN,36,40.752885,-73.906006
RN,37,40.749669,-73.898453
RN,38,40.746644,-73.891338
RN,39,40.742454,-73.882017
RN,40,40.737015,-73.877223
RN,41,40.733106,-73.869229
RN,42,40.729846,-73.861604
RN,43,40.726523,-73.852719
RN,44,40.721691,-73.844521
WS,0,40.775036,-73.912034
WS,1,40.770258,-73.917843
WS,2,40.766779,-73.921479
WS,3,40.76182,-73.925508
WS,4,40.756804,-73.929575
WS,5,40.752882,-73.932755
WS,6,40.750582,-73.940202
WS,7,40.76266,-73.967258
WS,8,40.764811,-73.973347
WS,9,40.764664,-73.980658
WS,10,40.759901,-73.984139
WS,11,40.754672,-73.986754
WS,12,40.749567,-73.98795
WS,13,40.745494,-73.988691
WS,14,40.741303,-73.989344
WS,15,40.735736,-73.990568
WS,16,40.730328,-73.992629
WS,17,40.724329,-73.997702
WS,18,40.719527,-74.001775
WS,19,40.713282,-74.006978
WS,20,40.710668,-74.011029
WS,21,40.70722,-74.013342
WS,22,40.703087,-74.012994
WN,0,40.703087,-74.012994
WN,1,40.70722,-74.013342
WN,2,40.710668,-74.011029
WN,3,40.713282,-74.006978
WN,4,40.719527,-74.001775
WN,5,40.724329,-73.997702
WN,6,40.730328,-73.992629
WN,7,40.735736,-73.990568
WN,8,40.741303,-73.989344
WN,9,40.745494,-73.988691
WN,10,40.749567,-73.98795
WN,11,40.754672,-73.986754
WN,12,40.759901,-73.984139
WN,13,40.764664,-73.980658
WN,14,40.764811,-73.973347
WN,15,40.76266,-73.967258
WN,16,40.750582,-73.940202
WN,17,40.752882,-73.932755
WN,18,40.756804,-73.929575
WN,19,40.76182,-73.925508
WN,20,40.766779,-73.921479
WN,21,40.770258,-73.917843
WN,22,40.775036,-73.912034
BS,0,40.873244,-73.887138
BS,1,40.866978,-73.893509
BS,2,40.861296,-73.897749
BS,3,40.856093,-73.900741
BS,4,40.85041,-73.905227
BS,5,40.8459,-73.910136
BS,6,40.839306,-73.9134
BS,7,40.833771,-73.91844
BS,8,40.827905,-73.925651
BS,9,40.830135,-73.938209
BS,10,40.824783,-73.944216
BS,11,40.817894,-73.947649
BS,12,40.811109,-73.952343
BS,13,40.805085,-73.954882
BS,14,40.800603,-73.958161
BS,15,40.796092,-73.961454
BS,16,40.791642,-73.964696
BS,17,40.785868,-73.968916
BS,18,40.781433,-73.972143
BS,19,40.775594,-73.97641
BS,20,40.768296,-73.981736
BS,21,40.762862,-73.981637
BS,22,40.758663,-73.981329
BS,23,40.754222,-73.984569
BS,24,40.749719,-73.987823
BS,25,40.732338,-74.000495
BS,26,40.725297,-73.996204
BS,27,40.718267,-73.993753
BS,28,40.690635,-73.981824
BS,29,40.68446,-73.97689
BS,30,40.67705,-73.972367
BS,31,40.661614,-73.962246
BS,32,40.650527,-73.962982
BS,33,40.635082,-73.962793
BS,34,40.60867,-73.957734
BS,35,40.586896,-73.954155
BS,36,40.577621,-73.961376
BN,0,40.577621,-73.961376
BN,1,40.586896,-73.954155
BN,2,40.60867,-73.957734
BN,3,40.635082,-73.962793
BN,4,40.650527,-73.962982
BN,5,40.661614,-73.962246
BN,6,40.67705,-73.972367
BN,7,40.68446,-73.97689
BN,8,40.690635,-73.981824
BN,9,40.718267,-73.993753
BN,10,40.725297,-73.996204
BN,11,40.732338,-74.000495
BN,12,40.749719,-73.987823
BN,13,40.754222,-73.984569
BN,14,40.758663,-73.981329
BN,15,40.762862,-73.981637
BN,16,40.768296,-73.981736
BN,17,40.775594,-73.97641
BN,18,40.781433,-73.972143
BN,19,40.785868,-73.968916
BN,20,40.791642,-73.964696
BN,21,40.796092,-73.961454
BN,22,40.800603,-73.958161
BN,23,40.805085,-73.954882
BN,24,40.811109,-73.952343
BN,25,40.817894,-73.947649
BN,26,40.824783,-73.944216
BN,27,40.830135,-73.938209
BN,28,40.827905,-73.925651
BN,29,40.833771,-73.91844
BN,30,40.839306,-73.9134
BN,31,40.8459,-73.910136
BN,32,40.85041,-73.905227
BN,33,40.856093,-73.900741
BN,34,40.861296,-73.897749
BN,35,40.866978,-73.893509
BN,36,40.873244,-73.887138
DS,0,40.874811,-73.878855
DS,1,40.873244,-73.887138
DS,2,40.866978,-73.893509
DS,3,40.861296,-73.897749
DS,4,40.856093,-73.900741
DS,5,40.85041,-73.905227
DS,6,40.8459,-73.910136
DS,7,40.839306,-73.9134
DS,8,40.833771,-73.91844
DS,9,40.827905,-73.925651
DS,10,40.830135,-73.938209
DS,11,40.824783,-73.944216
DS,12,40.811109,-73.952343
DS,13,40.768296,-73.981736
DS,14,40.762862,-73.981637
DS,15,40.758663,-73.981329
DS,16,40.754222,-73.984569
DS,17,40.749719,-73.987823
DS,18,40.732338,-74.000495
DS,19,40.725297,-73.996204
DS,20,40.718267,-73.993753
DS,21,40.683666,-73.97881
DS,22,40.655144,-74.003549
DS,23,40.646292,-73.994324
DS,24,40.640914,-73.994304
DS,25,40.63626,-73.994791
DS,26,40.631435,-73.995476
DS,27,40.626472,-73.996895
DS,28,40.619589,-73.998864
DS,29,40.613501,-74.00061
DS,30,40.607954,-74.001736
DS,31,40.604556,-73.998168
DS,32,40.601875,-73.993728
DS,33,40.597704,-73.986829
DS,34,40.588841,-73.983765
DS,35,40.577422,-73.981233
DN,0,40.577422,-73.981233
DN,1,40.588841,-73.983765
DN,2,40.597704,-73.986829
DN,3,40.601875,-73.993728
DN,4,40.604556,-73.998168
DN,5,40.607954,-74.001736
DN,6,40.613501,-74.00061
DN,7,40.619589,-73.998864
DN,8,40.626472,-73.996895
DN,9,40.631435,-73.995476
DN,10,40.63626,-73.994791
DN,11,40.640914,-73.994304
DN,12,40.646292,-73.994324
DN,13,40.655144,-74.003549
DN,14,40.683666,-73.97881
DN,15,40.718267,-73.993753
DN,16,40.725297,-73.996204
DN,17,40.732338,-74.000495
DN,18,40.749719,-73.987823
DN,19,40.754222,-73.984569
DN,20,40.758663,-73.981329
DN,21,40.762862,-73.981637
DN,22,40.768296,-73.981736
DN,23,40.811109,-73.952343
DN,24,40.824783,-73.944216
DN,25,40.830135,-73.938209
DN,26,40.827905,-73.925651
DN,27,40.833771,-73.91844
DN,28,40.839306,-73.9134
DN,29,40.8459,-73.910136
DN,30,40.85041,-73.905227
DN,31,40.856093,-73.900741
DN,32,40.861296,-73.897749
DN,33,40.866978,-73.893509
DN,34,40.873244,-73.887138
DN,35,40.874811,-73.878855
FS,0,40.712646,-73.783817
FS,1,40.71047,-73.793604
FS,2,40.707564,-73.803326
FS,3,40.70546,-73.810708
FS,4,40.709179,-73.820574
FS,5,40.714441,-73.831008
FS,6,40.718331,-73.837324
FS,7,40.721691,-73.844521
FS,8,40.746644,-73.891338
FS,9,40.754203,-73.942836
FS,10,40.759145,-73.95326
FS,11,40.764629,-73.966113
FS,12,40.763972,-73.97745
FS,13,40.758663,-73.981329
FS,14,40.754222,-73.984569
FS,15,40.749719,-73.987823
FS,16,40.742878,-73.992821
FS,17,40.738228,-73.996209
FS,18,40.732338,-74.000495
FS,19,40.725297,-73.996204
FS,20,40.723402,-73.989938
FS,21,40.718611,-73.988114
FS,22,40.713715,-73.990173
FS,23,40.701397,-73.986751
FS,24,40.692338,-73.987342
FS,25,40.686145,-73.990862
FS,26,40.680303,-73.995048
FS,27,40.67358,-73.995959
FS,28,40.670272,-73.989779
FS,29,40.666271,-73.980305
FS,30,40.660365,-73.979493
FS,31,40.650782,-73.975776
FS,32,40.644041,-73.979678
FS,33,40.636119,-73.978172
FS,34,40.629755,-73.976971
FS,35,40.625322,-73.976127
FS,36,40.620769,-73.975264
FS,37,40.61514,-73.974197
FS,38,40.608944,-73.973022
FS,39,40.603217,-73.972361
FS,40,40.596063,-73.973357
FS,41,40.58962,-73.97425
FS,42,40.581011,-73.974574
FS,43,40.576127,-73.975939
FS,44,40.577422,-73.981233
FN,0,40.577422,-73.981233
FN,1,40.576127,-73.975939
FN,2,40.581011,-73.974574
FN,3,40.58962,-73.97425
FN,4,40.603217,-73.972361
FN,5,40.629755,-73.976971
FN,6,40.636119,-73.978172
FN,7,40.644041,-73.979678
FN,8,40.650782,-73.975776
FN,9,40.660365,-73.979493
FN,10,40.666271,-73.980305
FN,11,40.670272,-73.989779
FN,12,40.67358,-73.995959
FN,13,40.680303,-73.995048
FN,14,40.686145,-73.990862
FN,15,40.692338,-73.987342
FN,16,40.701397,-73.986751
FN,17,40.713715,-73.990173
FN,18,40.718611,-73.988114
FN,19,40.723402,-73.989938
FN,20,40.725297,-73.996204
FN,21,40.732338,-74.000495
FN,22,40.738228,-73.996209
FN,23,40.742878,-73.992821
FN,24,40.749719,-73.987823
FN,25,40.754222,-73.984569
FN,26,40.758663,-73.981329
FN,27,40.763972,-73.97745
FN,28,40.764629,-73.966113
FN,29,40.759145,-73.95326
FN,30,40.754203,-73.942836
FN,31,40.746644,-73.891338
FN,32,40.721691,-73.844521
FN,33,40.718331,-73.837324
FN,34,40.714441,-73.831008
FN,35,40.709179,-73.820574
FN,36,40.70546,-73.810708
FN,37,40.707564,-73.803326
FN,38,40.71047,-73.793604
FN,39,40.712646,-73.783817
MS,0,40.721691,-73.844521
MS,1,40.726523,-73.852719
MS,2,40.729846,-73.861604
MS,3,40.733106,-73.869229
MS,4,40.737015,-73.877223
MS,5,40.742454,-73.882017
MS,6,40.746644,-73.891338
MS,7,40.749669,-73.898453
MS,8,40.752885,-73.906006
MS,9,40.756312,-73.913333
MS,10,40.756879,-73.92074
MS,11,40.752039,-73.928781
MS,12,40.748973,-73.937243
MS,13,40.747846,-73.946
MS,14,40.757552,-73.969055
MS,15,40.760167,-73.975224
MS,16,40.758663,-73.981329
MS,17,40.754222,-73.984569
MS,18,40.749719,-73.987823
MS,19,40.742878,-73.992821
MS,20,40.738228,-73.996209
MS,21,40.732338,-74.000495
MS,22,40.725297,-73.996204
MS,23,40.718315,-73.987437
MS,24,40.708359,-73.957757
MS,25,40.70687,-73.953431
MS,26,40.703869,-73.947408
MS,27,40.70026,-73.941126
MS,28,40.697207,-73.935657
MS,29,40.693342,-73.928814
MS,30,40.68963,-73.92227
MS,31,40.68637,-73.916559
MS,32,40.682893,-73.910456
MS,33,40.679498,-73.904512
MN,0,40.679498,-73.904512
MN,1,40.682893,-73.910456
MN,2,40.68637,-73.916559
MN,3,40.68963,-73.92227
MN,4,40.693342,-73.928814
MN,5,40.697207,-73.935657
MN,6,40.70026,-73.941126
MN,7,40.703869,-73.947408
MN,8,40.70687,-73.953431
MN,9,40.708359,-73.957757
MN,10,40.718315,-73.987437
MN,11,40.725297,-73.996204
MN,12,40.732338,-74.000495
MN,13,40.738228,-73.996209
MN,14,40.742878,-73.992821
MN,15,40.749719,-73.987823
MN,16,40.754222,-73.984569
MN,17,40.758663,-73.981329
MN,18,40.760167,-73.975224
MN,19,40.757552,-73.969055
MN,20,40.747846,-73.946
MN,21,40.748973,-73.937243
MN,22,40.752039,-73.928781
MN,23,40.756879,-73.92074
MN,24,40.756312,-73.913333
MN,25,40.752885,-73.906006
MN,26,40.749669,-73.898453
MN,27,40.746644,-73.891338
MN,28,40.742454,-73.882017
MN,29,40.737015,-73.877223
MN,30,40.733106,-73.869229
MN,31,40.729846,-73.861604
MN,32,40.726523,-73.852719
MN,33,40.721691,-73.844521
LS,0,40.739777,-74.002578
LS,1,40.737335,-73.996786
LS,2,40.734789,-73.99073
LS,3,40.732849,-73.986122
LS,4,40.730953,-73.981628
LS,5,40.717304,-73.956872
LS,6,40.714063,-73.950275
LS,7,40.714565,-73.944053
LS,8,40.711926,-73.94067
LS,9,40.707739,-73.93985
LS,10,40.706152,-73.933147
LS,11,40.706607,-73.922913
LS,12,40.703811,-73.918425
LS,13,40.699814,-73.911586
LS,14,40.695602,-73.904084
LS,15,40.688764,-73.904046
LS,16,40.682829,-73.905249
LS,17,40.678856,-73.90324
LS,18,40.675345,-73.903097
LS,19,40.669367,-73.901975
LS,20,40.664038,-73.900571
LS,21,40.658733,-73.899232
LS,22,40.650573,-73.899485
LS,23,40.646654,-73.90185
LN,0,40.646654,-73.90185
LN,1,40.650573,-73.899485
LN,2,40.658733,-73.899232
LN,3,40.664038,-73.900571
LN,4,40.669367,-73.901975
LN,5,40.675345,-73.903097
LN,6,40.678856,-73.90324
LN,7,40.682829,-73.905249
LN,8,40.688764,-73.904046
LN,9,40.695602,-73.904084
LN,10,40.699814,-73.911586
LN,11,40.703811,-73.918425
LN,12,40.706607,-73.922913
LN,13,40.706152,-73.933147
LN,14,40.707739,-73.93985
LN,15,40.711926,-73.94067
LN,16,40.714565,-73.944053
LN,17,40.714063,-73.950275
LN,18,40.717304,-73.956872
LN,19,40.730953,-73.981628
LN,20,40.732849,-73.986122
LN,21,40.734789,-73.99073
LN,22,40.737335,-73.996786
LN,23,40.739777,-74.002578
GS,0,40.746554,-73.943832
GS,1,40.744065,-73.949724
GS,2,40.731352,-73.954449
GS,3,40.724635,-73.951277
GS,4,40.712792,-73.951418
GS,5,40.706092,-73.950308
GS,6,40.700377,-73.950234
GS,7,40.694568,-73.949046
GS,8,40.689627,-73.953522
GS,9,40.688873,-73.96007
GS,10,40.688089,-73.966839
GS,11,40.687119,-73.975375
GS,12,40.688484,-73.985001
GS,13,40.686145,-73.990862
GS,14,40.680303,-73.995048
GS,15,40.67358,-73.995959
GS,16,40.670272,-73.989779
GS,17,40.666271,-73.980305
GS,18,40.660365,-73.979493
GS,19,40.650782,-73.975776
GS,20,40.644041,-73.979678
GN,0,40.644041,-73.979678
GN,1,40.650782,-73.975776
GN,2,40.660365,-73.979493
GN,3,40.666271,-73.980305
GN,4,40.670272,-73.989779
GN,5,40.67358,-73.995959
GN,6,40.680303,-73.995048
GN,7,40.686145,-73.990862
GN,8,40.688484,-73.985001
GN,9,40.687119,-73.975375
GN,10,40.688089,-73.966839
GN,11,40.688873,-73.96007
GN,12,40.689627,-73.953522
GN,13,40.694568,-73.949046
GN,14,40.700377,-73.950234
GN,15,40.706092,-73.950308
GN,16,40.712792,-73.951418
GN,17,40.724635,-73.951277
GN,18,40.731352,-73.954449
GN,19,40.744065,-73.949724
GN,20,40.746554,-73.943832
JS,0,40.702147,-73.801109
JS,1,40.700486,-73.807969
JS,2,40.700492,-73.828294
JS,3,40.697418,-73.836345
JS,4,40.695178,-73.84433
JS,5,40.693879,-73.851576
JS,6,40.692435,-73.86001
JS,7,40.691324,-73.867139
JS,8,40.689941,-73.87255
JS,9,40.683194,-73.873785
JS,10,40.68141,-73.880039
JS,11,40.679947,-73.884639
JS,12,40.678024,-73.891688
JS,13,40.676992,-73.898654
JS,14,40.679498,-73.904512
JS,15,40.682893,-73.910456
JS,16,40.68637,-73.916559
JS,17,40.68963,-73.92227
JS,18,40.693342,-73.928814
JS,19,40.697207,-73.935657
JS,20,40.70026,-73.941126
JS,21,40.703869,-73.947408
JS,22,40.70687,-73.953431
JS,23,40.708359,-73.957757
JS,24,40.718315,-73.987437
JS,25,40.72028,-73.993915
JS,26,40.718092,-73.999892
JS,27,40.713243,-74.003401
JS,28,40.710374,-74.007582
JS,29,40.706476,-74.011056
JN,0,40.706476,-74.011056
JN,1,40.710374,-74.007582
JN,2,40.713243,-74.003401
JN,3,40.718092,-73.999892
JN,4,40.72028,-73.993915
JN,5,40.718315,-73.987437
JN,6,40.708359,-73.957757
JN,7,40.70687,-73.953431
JN,8,40.703869,-73.947408
JN,9,40.70026,-73.941126
JN,10,40.697207,-73.935657
JN,11,40.693342,-73.928814
JN,12,40.68963,-73.92227
JN,13,40.68637,-73.916559
JN,14,40.682893,-73.910456
JN,15,40.679498,-73.904512
JN,16,40.676992,-73.898654
JN,17,40.678024,-73.891688
JN,18,40.679947,-73.884639
JN,19,40.68141,-73.880039
JN,20,40.683194,-73.873785
JN,21,40.689941,-73.87255
JN,22,40.691324,-73.867139
JN,23,40.692435,-73.86001
JN,24,40.693879,-73.851576
JN,25,40.695178,-73.84433
JN,26,40.697418,-73.836345
JN,27,40.700492,-73.828294
JN,28,40.700486,-73.807969
JN,29,40.702147,-73.801109
ZS,0,40.702147,-73.801109
ZS,1,40.700486,-73.807969
ZS,2,40.700492,-73.828294
ZS,3,40.695178,-73.84433
ZS,4,40.693879,-73.851576
ZS,5,40.691324,-73.867139
ZS,6,40.683194,-73.873785
ZS,7,40.68141,-73.880039
ZS,8,40.678024,-73.891688
ZS,9,40.679498,-73.904512
ZS,10,40.682893,-73.910456
ZS,11,40.68963,-73.92227
ZS,12,40.697207,-73.935657
ZS,13,40.708359,-73.957757
ZS,14,40.718315,-73.987437
ZS,15,40.72028,-73.993915
ZS,16,40.718092,-73.999892
ZS,17,40.713243,-74.003401
ZS,18,40.710374,-74.007582
ZS,19,40.706476,-74.011056
ZN,0,40.706476,-74.011056
ZN,1,40.710374,-74.007582
ZN,2,40.713243,-74.003401
ZN,3,40.718092,-73.999892
ZN,4,40.72028,-73.993915
ZN,5,40.718315,-73.987437
ZN,6,40.708359,-73.957757
ZN,7,40.697207,-73.935657
ZN,8,40.68963,-73.92227
ZN,9,40.682893,-73.910456
ZN,10,40.679498,-73.904512
ZN,11,40.678024,-73.891688
ZN,12,40.68141,-73.880039
ZN,13,40.683194,-73.873785
ZN,14,40.691324,-73.867139
ZN,15,40.693879,-73.851576
ZN,16,40.695178,-73.84433
ZN,17,40.700492,-73.828294
ZN,18,40.700486,-73.807969
ZN,19,40.702147,-73.801109
7S,0,40.7596,-73.83003
7S,1,40.754622,-73.845625
7S,2,40.75173,-73.855334
7S,3,40.749865,-73.8627
7S,4,40.749145,-73.869527
7S,5,40.748408,-73.876613
7S,6,40.747659,-73.883697
7S,7,40.746848,-73.891394
7S,8,40.746325,-73.896403
7S,9,40.74563,-73.902984
7S,10,40.744149,-73.912549
7S,11,40.743132,-73.918435
7S,12,40.743781,-73.924016
7S,13,40.744587,-73.930997
7S,14,40.750582,-73.940202
7S,15,40.747023,-73.945264
7S,16,40.742216,-73.948916
7S,17,40.742626,-73.953581
7S,18,40.751431,-73.976041
7S,19,40.753821,-73.981963
7S,20,40.755477,-73.987691
7S,21,40.755882,-74.00191
7N,0,40.755882,-74.00191
7N,1,40.755477,-73.987691
7N,2,40.753821,-73.981963
7N,3,40.751431,-73.976041
7N,4,40.742626,-73.953581
7N,5,40.742216,-73.948916
7N,6,40.747023,-73.945264
7N,7,40.750582,-73.940202
7N,8,40.744587,-73.930997
7N,9,40.743781,-73.924016
7N,10,40.743132,-73.918435
7N,11,40.744149,-73.912549
7N,12,40.74563,-73.902984
7N,13,40.746325,-73.896403
7N,14,40.746848,-73.891394
7N,15,40.747659,-73.883697
7N,16,40.748408,-73.876613
7N,17,40.749145,-73.869527
7N,18,40.749865,-73.8627
7N,19,40.75173,-73.855334
7N,20,40.754622,-73.845625
7N,21,40.7596,-73.83003
7XS,0,40.7596,-73.83003
7XS,1,40.754622,-73.845625
7XS,2,40.749145,-73.869527
7XS,3,40.74563,-73.902984
7XS,4,40.750582,-73.940202
7XS,5,40.747023,-73.945264
7XS,6,40.742216,-73.948916
7XS,7,40.742626,-73.953581
7XS,8,40.751431,-73.976041
7XS,9,40.753821,-73.981963
7XS,10,40.755477,-73.987691
7XS,11,40.755882,-74.00191
7XN,0,40.755882,-74.00191
7XN,1,40.755477,-73.987691
7XN,2,40.753821,-73.981963
7XN,3,40.751431,-73.976041
7XN,4,40.742626,-73.953581
7XN,5,40.742216,-73.948916
7XN,6,40.747023,-73.945264
7XN,7,40.750582,-73.940202
7XN,8,40.74563,-73.902984
7XN,9,40.749145,-73.869527
7XN,10,40.754622,-73.845625
7XN,11,40.7596,-73.83003
